PC,Proportion.Variance.Explained
1,0.011854172994294546
2,0.003613400461313406
3,0.002833773909930801
4,0.002299866233909276
5,0.0019732467711195056
6,0.0018468953618090305
7,0.0012252579321222618
8,0.0011764082866061306
9,0.0010793011192245777
10,0.0010350112320444945
