PC,Proportion.Variance.Explained
1,0.11809863697991808
2,0.016851496494584322
3,0.006176257861971227
4,0.005450445262586199
5,0.0039970415330178085
6,0.002947349241699915
7,0.0024765259649087126
8,0.0020775231897150652
9,0.0017066170416188521
10,0.0015928126683470813
11,0.001480665921313811
12,0.0013974080652929142
13,0.0013908128446922488
14,0.0013755959781999168
15,0.0012593039645201582
